{
  "music.game": {
    "category": "music",
    "sounds": [
      {
        "name": "music/game/calm1",
        "stream": true
      },
      {
        "name": "music/game/calm2",
        "stream": true
      },
      {
        "name": "music/game/calm3",
        "stream": true
      },
      {
        "name": "music/game/hal1",
        "stream": true
      },
      {
        "name": "music/game/nuance1",
        "stream": true
      },
      {
        "name": "music/game/nuance2",
        "stream": true
      },
      {
        "name": "music/game/piano1",
        "stream": true
      },
      {
        "name": "music/game/piano2",
        "stream": true
      },
      {
        "name": "music/game/piano3",
        "stream": true
      }
    ]
  },
  "music.game.creative": {
    "category": "music",
    "sounds": [
      {
        "type": "event",
        "name": "music.game"
      },
      {
        "name": "music/game/creative/creative1",
        "stream": true
      },
      {
        "name": "music/game/creative/creative2",
        "stream": true
      },
      {
        "name": "music/game/creative/creative3",
        "stream": true
      },
      {
        "name": "music/game/creative/creative4",
        "stream": true
      },
      {
        "name": "music/game/creative/creative5",
        "stream": true
      },
      {
        "name": "music/game/creative/creative6",
        "stream": true
      }
    ]
  },
  "music.game.end": {
    "category": "music",
    "sounds": [
      {
        "name": "music/game/end/end",
        "stream": true
      }
    ]
  },
  "music.game.end.dragon": {
    "category": "music",
    "sounds": [
      {
        "name": "music/game/end/boss",
        "stream": true
      }
    ]
  },
  "music.game.end.credits": {
    "category": "music",
    "sounds": [
      {
        "name": "music/game/end/credits",
        "stream": true
      }
    ]
  },
  "music.game.nether": {
    "category": "music",
    "sounds": [
      {
        "name": "music/game/nether/nether1",
        "stream": true
      },
      {
        "name": "music/game/nether/nether2",
        "stream": true
      },
      {
        "name": "music/game/nether/nether3",
        "stream": true
      },
      {
        "name": "music/game/nether/nether4",
        "stream": true
      }
    ]
  }
  "game.player.hurt.fall.big": {
    "category": "player",
    "sounds": [
      "damage/fallbig"
    ]
  },
  "game.player.hurt.fall.small": {
    "category": "player",
    "sounds": [
      "damage/fallsmall"
    ]
  },
  "game.neutral.hurt.fall.big": {
    "category": "neutral",
    "sounds": [
      "damage/fallbig"
    ]
  },
  "game.neutral.hurt.fall.small": {
    "category": "neutral",
    "sounds": [
      "damage/fallsmall"
    ]
  },
  "game.hostile.hurt.fall.big": {
    "category": "hostile",
    "sounds": [
      "damage/fallbig"
    ]
  },
  "game.hostile.hurt.fall.small": {
    "category": "hostile",
    "sounds": [
      "damage/fallsmall"
    ]
  },
  "game.player.hurt": {
    "category": "player",
    "sounds": [
      "damage/hit1",
      "damage/hit2",
      "damage/hit3"
    ]
  },
  "game.neutral.hurt": {
    "category": "neutral",
    "sounds": [
      "damage/hit1",
      "damage/hit2",
      "damage/hit3"
    ]
  },
  "game.hostile.hurt": {
    "category": "hostile",
    "sounds": [
      "damage/hit1",
      "damage/hit2",
      "damage/hit3"
    ]
  },
  "game.player.die": {
    "category": "player",
    "sounds": [
      "damage/hit1",
      "damage/hit2",
      "damage/hit3"
    ]
  },
  "game.neutral.die": {
    "category": "neutral",
    "sounds": [
      "damage/hit1",
      "damage/hit2",
      "damage/hit3"
    ]
  },
  "game.hostile.die": {
    "category": "hostile",
    "sounds": [
      "damage/hit1",
      "damage/hit2",
      "damage/hit3"
    ]
  },
}