{
  "game.player.hurt.fall.big": {
    "category": "player",
    "sounds": [
      "damage/fallbig"
    ]
  },
  "game.player.hurt.fall.small": {
    "category": "player",
    "sounds": [
      "damage/fallsmall"
    ]
  },
  "game.neutral.hurt.fall.big": {
    "category": "neutral",
    "sounds": [
      "damage/fallbig"
    ]
  },
  "game.neutral.hurt.fall.small": {
    "category": "neutral",
    "sounds": [
      "damage/fallsmall"
    ]
  },
  "game.hostile.hurt.fall.big": {
    "category": "hostile",
    "sounds": [
      "damage/fallbig"
    ]
  },
  "game.hostile.hurt.fall.small": {
    "category": "hostile",
    "sounds": [
      "damage/fallsmall"
    ]
  },
  "game.player.hurt": {
    "category": "player",
    "sounds": [
      "damage/hit1",
      "damage/hit2",
      "damage/hit3"
    ]
  },
  "game.neutral.hurt": {
    "category": "neutral",
    "sounds": [
      "damage/hit1",
      "damage/hit2",
      "damage/hit3"
    ]
  },
  "game.hostile.hurt": {
    "category": "hostile",
    "sounds": [
      "damage/hit1",
      "damage/hit2",
      "damage/hit3"
    ]
  },
  "game.player.die": {
    "category": "player",
    "sounds": [
      "damage/hit1",
      "damage/hit2",
      "damage/hit3"
    ]
  },
  "game.neutral.die": {
    "category": "neutral",
    "sounds": [
      "damage/hit1",
      "damage/hit2",
      "damage/hit3"
    ]
  },
  "game.hostile.die": {
    "category": "hostile",
    "sounds": [
      "damage/hit1",
      "damage/hit2",
      "damage/hit3"
    ]
  },
  "step.cloth": {
    "category": "neutral",
    "sounds": [
      "step/cloth1",
      "step/cloth2",
      "step/cloth3",
      "step/cloth4"
    ]
  },
  "step.grass": {
    "category": "neutral",
    "sounds": [
      "step/grass1",
      "step/grass2",
      "step/grass3",
      "step/grass4",
      "step/grass5",
      "step/grass6"
    ]
  },
  "step.gravel": {
    "category": "neutral",
    "sounds": [
      "step/gravel1",
      "step/gravel2",
      "step/gravel3",
      "step/gravel4"
    ]
  },
  "step.ladder": {
    "category": "neutral",
    "sounds": [
      "step/ladder1",
      "step/ladder2",
      "step/ladder3",
      "step/ladder4",
      "step/ladder5"
    ]
  },
  "step.sand": {
    "category": "neutral",
    "sounds": [
      "step/sand1",
      "step/sand2",
      "step/sand3",
      "step/sand4",
      "step/sand5"
    ]
  },
  "step.snow": {
    "category": "neutral",
    "sounds": [
      "step/snow1",
      "step/snow2",
      "step/snow3",
      "step/snow4"
    ]
  },
  "step.stone": {
    "category": "neutral",
    "sounds": [
      "step/stone1",
      "step/stone2",
      "step/stone3",
      "step/stone4",
      "step/stone5",
      "step/stone6"
    ]
  },
  "step.wood": {
    "category": "neutral",
    "sounds": [
      "step/wood1",
      "step/wood2",
      "step/wood3",
      "step/wood4",
      "step/wood5",
      "step/wood6"
    ]
  },
  "music.menu": {
    "category": "music",
    "sounds": [
      {
        "name": "music/menu/calm1",
        "stream": true,
        "replace": true,
      },
      {
        "name": "music/menu/calm2",
        "stream": true,
        "replace": true,
      },
      {
        "name": "music/menu/calm3",
        "stream": true,
        "replace": true,
      },
      {
        "name": "music/menu/hal1",
        "stream": true,
        "replace": true,
      }
      {
        "name": "music/menu/nuance1",
        "stream": true,
        "replace": true,
      }
      {
        "name": "music/menu/nuance2",
        "stream": true,
        "replace": true,
      }
      {
        "name": "music/menu/piano1",
        "stream": true,
        "replace": true,
      }
      {
        "name": "music/menu/piano2",
        "stream": true,
        "replace": true,
      }
      {
        "name": "music/menu/piano3",
        "stream": true,
        "replace": true,
      }
    ]
  },
  "music.game": {
    "category": "music",
    "sounds": [
      {
        "name": ["music/game/calm1"],
        "stream": true,
        "replace": true,
      },
      {
        "name": ["music/game/calm2"],
        "stream": true,
        "replace": true,
      },
      {
        "name": ["music/game/calm3"],
        "stream": true,
        "replace": true,
      },
      {
        "name": ["music/game/hal1"],
        "stream": true,
        "replace": true,
      },
      {
        "name": ["music/game/nuance1"],
        "stream": true,
        "replace": true,
      },
      {
        "name": ["music/game/nuance2"],
        "stream": true,
        "replace": true,
      },
      {
        "name": ["music/game/piano1"],
        "stream": true,
        "replace": true,
      },
      {
        "name": ["music/game/piano2"],
        "stream": true,
        "replace": true,
      },
      {
        "name": ["music/game/piano3"],
        "stream": true,
        "replace": true,
      }
    ]
  },
  "music.game.creative": {
    "category": "music",
    "sounds": [
      {
        "type": "event",
        "name": "music.game"
      },
      {
        "name": "music/game/creative/creative1",
        "stream": true
      },
      {
        "name": "music/game/creative/creative2",
        "stream": true
      },
      {
        "name": "music/game/creative/creative3",
        "stream": true
      },
      {
        "name": "music/game/creative/creative4",
        "stream": true
      },
      {
        "name": "music/game/creative/creative5",
        "stream": true
      },
      {
        "name": "music/game/creative/creative6",
        "stream": true
      }
    ]
  },
  "music.game.end": {
    "category": "music",
    "sounds": [
      {
        "name": "music/game/end/end",
        "stream": true
      }
    ]
  },
  "music.game.end.dragon": {
    "category": "music",
    "sounds": [
      {
        "name": "music/game/end/boss",
        "stream": true
      }
    ]
  },
  "music.game.end.credits": {
    "category": "music",
    "sounds": [
      {
        "name": "music/game/end/credits",
        "stream": true
      }
    ]
  },
  "music.game.nether": {
    "category": "music",
    "sounds": [
      {
        "name": "music/game/nether/nether1",
        "stream": true
      },
      {
        "name": "music/game/nether/nether2",
        "stream": true
      },
      {
        "name": "music/game/nether/nether3",
        "stream": true
      },
      {
        "name": "music/game/nether/nether4",
        "stream": true
      }
    ]
  }
}